event_id,azimuth,zenith
9482,1.0158567198575796,0.7875978411980064
7344,0.9483359318159352,0.8996128838424357
2092,1.0782689122931226,0.9820273837031137
